{"stats":{"minecraft:custom":{"minecraft:jump":39,"minecraft:time_since_rest":7842,"enigmaticlegacy:play_time_with_seven_curses":0,"minecraft:damage_taken":280,"minecraft:walk_one_cm":5492,"minecraft:leave_game":3,"minecraft:sprint_one_cm":2725,"minecraft:play_time":9845,"minecraft:time_since_death":7820,"minecraft:walk_on_water_one_cm":228,"minecraft:deaths":1,"minecraft:sneak_time":58,"enigmaticlegacy:play_time_without_seven_curses":9824,"minecraft:total_world_time":9845,"minecraft:walk_under_water_one_cm":13164,"minecraft:fall_one_cm":480,"minecraft:fly_one_cm":30483,"minecraft:aviate_one_cm":99759},"minecraft:mined":{"minecraft:powder_snow":3,"minecraft:dirt":1},"minecraft:picked_up":{"minecraft:dirt":1}},"DataVersion":3120}