{"stats":{"minecraft:custom":{"minecraft:jump":70,"minecraft:time_since_rest":18120,"enigmaticlegacy:play_time_with_seven_curses":0,"minecraft:damage_taken":280,"minecraft:walk_one_cm":7647,"minecraft:leave_game":6,"minecraft:sprint_one_cm":5550,"minecraft:play_time":20123,"minecraft:time_since_death":18098,"minecraft:walk_on_water_one_cm":228,"minecraft:deaths":1,"minecraft:sneak_time":60,"enigmaticlegacy:play_time_without_seven_curses":20102,"minecraft:total_world_time":20123,"minecraft:climb_one_cm":12,"minecraft:walk_under_water_one_cm":13164,"minecraft:fall_one_cm":480,"minecraft:fly_one_cm":57065,"minecraft:aviate_one_cm":99759},"minecraft:mined":{"minecraft:powder_snow":3,"minecraft:dirt":1},"minecraft:picked_up":{"minecraft:dirt":1}},"DataVersion":3120}